{"cameraMode":{"drawMode":0,"name":"Shaded","section":"Shading Mode"},"sceneLighting":true,"audioPlay":false,"sceneViewState":{"showFog":false,"showMaterialUpdate":false,"showSkybox":false,"showFlares":false,"showImageEffects":false,"showParticleSystems":false},"in2DMode":false,"pivot":{"x":-2.012911081314087,"y":0.6843109726905823,"z":2.714745283126831},"rotation":{"x":-0.07848528772592545,"y":-0.6937214136123657,"z":0.07648500055074692,"w":-0.711857259273529},"size":3.307628631591797,"orthographic":false}